molecule,vqe_energy,fci_energy,absolute_error,iterations
H2,-1.8334391382044026,-1.857275030202378,0.02383589199797531,200
